<?xml version="1.0" encoding="utf-8" standalone="yes" ?>
<rss version="2.0" xmlns:atom="http://www.w3.org/2005/Atom">
  <channel>
    <title>Academic</title>
    <link>https://example.com/</link>
      <atom:link href="https://example.com/index.xml" rel="self" type="application/rss+xml" />
    <description>Academic</description>
    <generator>Hugo Blox Builder (https://hugoblox.com)</generator><language>en-us</language><lastBuildDate>Mon, 24 Oct 2022 00:00:00 +0000</lastBuildDate>
    <image>
      <url>https://example.com/media/icon_hu0b7a4cb9992c9ac0e91bd28ffd38dd00_9727_512x512_fill_lanczos_center_3.png</url>
      <title>Academic</title>
      <link>https://example.com/</link>
    </image>
    
    <item>
      <title>Example Talk</title>
      <link>https://example.com/talk/example-talk/</link>
      <pubDate>Sat, 01 Jun 2030 13:00:00 +0000</pubDate>
      <guid>https://example.com/talk/example-talk/</guid>
      <description>&lt;div class=&#34;alert alert-note&#34;&gt;
  &lt;div&gt;
    Click on the &lt;strong&gt;Slides&lt;/strong&gt; button above to view the built-in slides feature.
  &lt;/div&gt;
&lt;/div&gt;
&lt;p&gt;Slides can be added in a few ways:&lt;/p&gt;
&lt;ul&gt;
&lt;li&gt;&lt;strong&gt;Create&lt;/strong&gt; slides using Hugo Blox Builder&amp;rsquo;s &lt;a href=&#34;https://docs.hugoblox.com/reference/content-types/&#34; target=&#34;_blank&#34; rel=&#34;noopener&#34;&gt;&lt;em&gt;Slides&lt;/em&gt;&lt;/a&gt; feature and link using &lt;code&gt;slides&lt;/code&gt; parameter in the front matter of the talk file&lt;/li&gt;
&lt;li&gt;&lt;strong&gt;Upload&lt;/strong&gt; an existing slide deck to &lt;code&gt;static/&lt;/code&gt; and link using &lt;code&gt;url_slides&lt;/code&gt; parameter in the front matter of the talk file&lt;/li&gt;
&lt;li&gt;&lt;strong&gt;Embed&lt;/strong&gt; your slides (e.g. Google Slides) or presentation video on this page using &lt;a href=&#34;https://docs.hugoblox.com/reference/markdown/&#34; target=&#34;_blank&#34; rel=&#34;noopener&#34;&gt;shortcodes&lt;/a&gt;.&lt;/li&gt;
&lt;/ul&gt;
&lt;p&gt;Further event details, including &lt;a href=&#34;https://docs.hugoblox.com/reference/markdown/&#34; target=&#34;_blank&#34; rel=&#34;noopener&#34;&gt;page elements&lt;/a&gt; such as image galleries, can be added to the body of this page.&lt;/p&gt;
</description>
    </item>
    
    <item>
      <title>Blog with Jupyter Notebooks!</title>
      <link>https://example.com/post/blog-with-jupyter/</link>
      <pubDate>Sat, 04 Nov 2023 00:00:00 +0000</pubDate>
      <guid>https://example.com/post/blog-with-jupyter/</guid>
      <description>&lt;div class=&#34;highlight&#34;&gt;&lt;pre tabindex=&#34;0&#34; class=&#34;chroma&#34;&gt;&lt;code class=&#34;language-python&#34; data-lang=&#34;python&#34;&gt;&lt;span class=&#34;line&#34;&gt;&lt;span class=&#34;cl&#34;&gt;&lt;span class=&#34;kn&#34;&gt;from&lt;/span&gt; &lt;span class=&#34;nn&#34;&gt;IPython.core.display&lt;/span&gt; &lt;span class=&#34;kn&#34;&gt;import&lt;/span&gt; &lt;span class=&#34;n&#34;&gt;Image&lt;/span&gt;
&lt;/span&gt;&lt;/span&gt;&lt;span class=&#34;line&#34;&gt;&lt;span class=&#34;cl&#34;&gt;&lt;span class=&#34;n&#34;&gt;Image&lt;/span&gt;&lt;span class=&#34;p&#34;&gt;(&lt;/span&gt;&lt;span class=&#34;s1&#34;&gt;&amp;#39;https://www.python.org/static/community_logos/python-logo-master-v3-TM-flattened.png&amp;#39;&lt;/span&gt;&lt;span class=&#34;p&#34;&gt;)&lt;/span&gt;
&lt;/span&gt;&lt;/span&gt;&lt;/code&gt;&lt;/pre&gt;&lt;/div&gt;&lt;p&gt;















&lt;figure  &gt;
  &lt;div class=&#34;d-flex justify-content-center&#34;&gt;
    &lt;div class=&#34;w-100&#34; &gt;&lt;img alt=&#34;png&#34; srcset=&#34;
               /post/blog-with-jupyter/output_1_0_hu1e42f419f47ffd4b1ca9ef8f6670390a_11155_5a714abab5f53c70f7c38e19755638d3.webp 400w,
               /post/blog-with-jupyter/output_1_0_hu1e42f419f47ffd4b1ca9ef8f6670390a_11155_6b76da17c04a40aee4c1c633206f8065.webp 760w,
               /post/blog-with-jupyter/output_1_0_hu1e42f419f47ffd4b1ca9ef8f6670390a_11155_1200x1200_fit_q75_h2_lanczos_3.webp 1200w&#34;
               src=&#34;https://example.com/post/blog-with-jupyter/output_1_0_hu1e42f419f47ffd4b1ca9ef8f6670390a_11155_5a714abab5f53c70f7c38e19755638d3.webp&#34;
               width=&#34;601&#34;
               height=&#34;203&#34;
               loading=&#34;lazy&#34; data-zoomable /&gt;&lt;/div&gt;
  &lt;/div&gt;&lt;/figure&gt;
&lt;/p&gt;
&lt;div class=&#34;highlight&#34;&gt;&lt;pre tabindex=&#34;0&#34; class=&#34;chroma&#34;&gt;&lt;code class=&#34;language-python&#34; data-lang=&#34;python&#34;&gt;&lt;span class=&#34;line&#34;&gt;&lt;span class=&#34;cl&#34;&gt;&lt;span class=&#34;nb&#34;&gt;print&lt;/span&gt;&lt;span class=&#34;p&#34;&gt;(&lt;/span&gt;&lt;span class=&#34;s2&#34;&gt;&amp;#34;Welcome to Academic!&amp;#34;&lt;/span&gt;&lt;span class=&#34;p&#34;&gt;)&lt;/span&gt;
&lt;/span&gt;&lt;/span&gt;&lt;/code&gt;&lt;/pre&gt;&lt;/div&gt;&lt;pre&gt;&lt;code&gt;Welcome to Academic!
&lt;/code&gt;&lt;/pre&gt;
&lt;h2 id=&#34;organize-your-notebooks&#34;&gt;Organize your notebooks&lt;/h2&gt;
&lt;p&gt;Place the notebooks that you would like to publish in a &lt;code&gt;notebooks&lt;/code&gt; folder at the root of your website.&lt;/p&gt;
&lt;h2 id=&#34;import-the-notebooks-into-your-site&#34;&gt;Import the notebooks into your site&lt;/h2&gt;
&lt;div class=&#34;highlight&#34;&gt;&lt;pre tabindex=&#34;0&#34; class=&#34;chroma&#34;&gt;&lt;code class=&#34;language-bash&#34; data-lang=&#34;bash&#34;&gt;&lt;span class=&#34;line&#34;&gt;&lt;span class=&#34;cl&#34;&gt;pipx install academic
&lt;/span&gt;&lt;/span&gt;&lt;span class=&#34;line&#34;&gt;&lt;span class=&#34;cl&#34;&gt;academic import &lt;span class=&#34;s1&#34;&gt;&amp;#39;notebooks/**.ipynb&amp;#39;&lt;/span&gt; content/post/ --verbose
&lt;/span&gt;&lt;/span&gt;&lt;/code&gt;&lt;/pre&gt;&lt;/div&gt;&lt;p&gt;The notebooks will be published to the folder you specify above. In this case, they will be published to your &lt;code&gt;content/post/&lt;/code&gt; folder.&lt;/p&gt;
</description>
    </item>
    
    <item>
      <title>Welcome to Hugo Blox Builder, the website builder for Hugo</title>
      <link>https://example.com/post/getting-started/</link>
      <pubDate>Sun, 13 Dec 2020 00:00:00 +0000</pubDate>
      <guid>https://example.com/post/getting-started/</guid>
      <description>&lt;div class=&#34;highlight&#34;&gt;&lt;pre tabindex=&#34;0&#34; class=&#34;chroma&#34;&gt;&lt;code class=&#34;language-python&#34; data-lang=&#34;python&#34;&gt;&lt;span class=&#34;line&#34;&gt;&lt;span class=&#34;cl&#34;&gt;&lt;span class=&#34;kn&#34;&gt;import&lt;/span&gt; &lt;span class=&#34;nn&#34;&gt;libr&lt;/span&gt;
&lt;/span&gt;&lt;/span&gt;&lt;span class=&#34;line&#34;&gt;&lt;span class=&#34;cl&#34;&gt;&lt;span class=&#34;nb&#34;&gt;print&lt;/span&gt;&lt;span class=&#34;p&#34;&gt;(&lt;/span&gt;&lt;span class=&#34;s1&#34;&gt;&amp;#39;hello&amp;#39;&lt;/span&gt;&lt;span class=&#34;p&#34;&gt;)&lt;/span&gt;
&lt;/span&gt;&lt;/span&gt;&lt;/code&gt;&lt;/pre&gt;&lt;/div&gt;&lt;h2 id=&#34;overview&#34;&gt;Overview&lt;/h2&gt;
&lt;ol&gt;
&lt;li&gt;The Wowchemy website builder for Hugo, along with its starter templates, is designed for professional creators, educators, and teams/organizations - although it can be used to create any kind of site&lt;/li&gt;
&lt;li&gt;The template can be modified and customised to suit your needs. It&amp;rsquo;s a good platform for anyone looking to take control of their data and online identity whilst having the convenience to start off with a &lt;strong&gt;no-code solution (write in Markdown and customize with YAML parameters)&lt;/strong&gt; and having &lt;strong&gt;flexibility to later add even deeper personalization with HTML and CSS&lt;/strong&gt;&lt;/li&gt;
&lt;li&gt;You can work with all your favourite tools and apps with hundreds of plugins and integrations to speed up your workflows, interact with your readers, and much more&lt;/li&gt;
&lt;/ol&gt;
&lt;p&gt;&lt;a href=&#34;https://hugoblox.com&#34; target=&#34;_blank&#34; rel=&#34;noopener&#34;&gt;















&lt;figure  &gt;
  &lt;div class=&#34;d-flex justify-content-center&#34;&gt;
    &lt;div class=&#34;w-100&#34; &gt;&lt;img src=&#34;https://raw.githubusercontent.com/wowchemy/wowchemy-hugo-modules/main/starters/academic/preview.png&#34; alt=&#34;The template is mobile first with a responsive design to ensure that your site looks stunning on every device.&#34; loading=&#34;lazy&#34; data-zoomable /&gt;&lt;/div&gt;
  &lt;/div&gt;&lt;/figure&gt;
&lt;/a&gt;&lt;/p&gt;
&lt;h2 id=&#34;get-started&#34;&gt;Get Started&lt;/h2&gt;
&lt;ul&gt;
&lt;li&gt;👉 &lt;a href=&#34;https://hugoblox.com/templates/&#34; target=&#34;_blank&#34; rel=&#34;noopener&#34;&gt;&lt;strong&gt;Create a new site&lt;/strong&gt;&lt;/a&gt;&lt;/li&gt;
&lt;li&gt;📚 &lt;a href=&#34;https://docs.hugoblox.com/&#34; target=&#34;_blank&#34; rel=&#34;noopener&#34;&gt;&lt;strong&gt;Personalize your site&lt;/strong&gt;&lt;/a&gt;&lt;/li&gt;
&lt;li&gt;💬 &lt;a href=&#34;https://discord.gg/z8wNYzb&#34; target=&#34;_blank&#34; rel=&#34;noopener&#34;&gt;Chat with the &lt;strong&gt;Wowchemy community&lt;/strong&gt;&lt;/a&gt; or &lt;a href=&#34;https://discourse.gohugo.io&#34; target=&#34;_blank&#34; rel=&#34;noopener&#34;&gt;&lt;strong&gt;Hugo community&lt;/strong&gt;&lt;/a&gt;&lt;/li&gt;
&lt;li&gt;🐦 Twitter: &lt;a href=&#34;https://twitter.com/wowchemy&#34; target=&#34;_blank&#34; rel=&#34;noopener&#34;&gt;@wowchemy&lt;/a&gt; &lt;a href=&#34;https://twitter.com/GeorgeCushen&#34; target=&#34;_blank&#34; rel=&#34;noopener&#34;&gt;@GeorgeCushen&lt;/a&gt; &lt;a href=&#34;https://twitter.com/search?q=%23MadeWithWowchemy&amp;amp;src=typed_query&#34; target=&#34;_blank&#34; rel=&#34;noopener&#34;&gt;#MadeWithWowchemy&lt;/a&gt;&lt;/li&gt;
&lt;li&gt;💡 &lt;a href=&#34;https://github.com/HugoBlox/hugo-blox-builder/issues&#34; target=&#34;_blank&#34; rel=&#34;noopener&#34;&gt;Request a &lt;strong&gt;feature&lt;/strong&gt; or report a &lt;strong&gt;bug&lt;/strong&gt; for &lt;em&gt;Wowchemy&lt;/em&gt;&lt;/a&gt;&lt;/li&gt;
&lt;li&gt;⬆️ &lt;strong&gt;Updating Wowchemy?&lt;/strong&gt; View the &lt;a href=&#34;https://docs.hugoblox.com/hugo-tutorials/update/&#34; target=&#34;_blank&#34; rel=&#34;noopener&#34;&gt;Update Tutorial&lt;/a&gt; and &lt;a href=&#34;https://hugoblox.com/updates/&#34; target=&#34;_blank&#34; rel=&#34;noopener&#34;&gt;Release Notes&lt;/a&gt;&lt;/li&gt;
&lt;/ul&gt;
&lt;h2 id=&#34;crowd-funded-open-source-software&#34;&gt;Crowd-funded open-source software&lt;/h2&gt;
&lt;p&gt;To help us develop this template and software sustainably under the MIT license, we ask all individuals and businesses that use it to help support its ongoing maintenance and development via sponsorship.&lt;/p&gt;
&lt;h3 id=&#34;-click-here-to-become-a-sponsor-and-help-support-wowchemys-future-httpshugobloxcomsponsor&#34;&gt;&lt;a href=&#34;https://hugoblox.com/sponsor/&#34; target=&#34;_blank&#34; rel=&#34;noopener&#34;&gt;❤️ Click here to become a sponsor and help support Wowchemy&amp;rsquo;s future ❤️&lt;/a&gt;&lt;/h3&gt;
&lt;p&gt;As a token of appreciation for sponsoring, you can &lt;strong&gt;unlock &lt;a href=&#34;https://hugoblox.com/sponsor/&#34; target=&#34;_blank&#34; rel=&#34;noopener&#34;&gt;these&lt;/a&gt; awesome rewards and extra features 🦄✨&lt;/strong&gt;&lt;/p&gt;
&lt;h2 id=&#34;ecosystem&#34;&gt;Ecosystem&lt;/h2&gt;
&lt;ul&gt;
&lt;li&gt;&lt;strong&gt;&lt;a href=&#34;https://github.com/GetRD/academic-file-converter&#34; target=&#34;_blank&#34; rel=&#34;noopener&#34;&gt;Hugo Academic CLI&lt;/a&gt;:&lt;/strong&gt; Automatically import publications from BibTeX&lt;/li&gt;
&lt;/ul&gt;
&lt;h2 id=&#34;inspiration&#34;&gt;Inspiration&lt;/h2&gt;
&lt;p&gt;&lt;a href=&#34;https://academic-demo.netlify.com/&#34; target=&#34;_blank&#34; rel=&#34;noopener&#34;&gt;Check out the latest &lt;strong&gt;demo&lt;/strong&gt;&lt;/a&gt; of what you&amp;rsquo;ll get in less than 10 minutes, or &lt;a href=&#34;https://hugoblox.com/user-stories/&#34; target=&#34;_blank&#34; rel=&#34;noopener&#34;&gt;view the &lt;strong&gt;showcase&lt;/strong&gt;&lt;/a&gt; of personal, project, and business sites.&lt;/p&gt;
&lt;h2 id=&#34;features&#34;&gt;Features&lt;/h2&gt;
&lt;ul&gt;
&lt;li&gt;&lt;strong&gt;Page builder&lt;/strong&gt; - Create &lt;em&gt;anything&lt;/em&gt; with &lt;a href=&#34;https://docs.hugoblox.com/page-builder/&#34; target=&#34;_blank&#34; rel=&#34;noopener&#34;&gt;&lt;strong&gt;widgets&lt;/strong&gt;&lt;/a&gt; and &lt;a href=&#34;https://docs.hugoblox.com/content/writing-markdown-latex/&#34; target=&#34;_blank&#34; rel=&#34;noopener&#34;&gt;&lt;strong&gt;elements&lt;/strong&gt;&lt;/a&gt;&lt;/li&gt;
&lt;li&gt;&lt;strong&gt;Edit any type of content&lt;/strong&gt; - Blog posts, publications, talks, slides, projects, and more!&lt;/li&gt;
&lt;li&gt;&lt;strong&gt;Create content&lt;/strong&gt; in &lt;a href=&#34;https://docs.hugoblox.com/content/writing-markdown-latex/&#34; target=&#34;_blank&#34; rel=&#34;noopener&#34;&gt;&lt;strong&gt;Markdown&lt;/strong&gt;&lt;/a&gt;, &lt;a href=&#34;https://docs.hugoblox.com/import/jupyter/&#34; target=&#34;_blank&#34; rel=&#34;noopener&#34;&gt;&lt;strong&gt;Jupyter&lt;/strong&gt;&lt;/a&gt;, or &lt;a href=&#34;https://docs.hugoblox.com/install-locally/&#34; target=&#34;_blank&#34; rel=&#34;noopener&#34;&gt;&lt;strong&gt;RStudio&lt;/strong&gt;&lt;/a&gt;&lt;/li&gt;
&lt;li&gt;&lt;strong&gt;Plugin System&lt;/strong&gt; - Fully customizable &lt;a href=&#34;https://docs.hugoblox.com/customization/&#34; target=&#34;_blank&#34; rel=&#34;noopener&#34;&gt;&lt;strong&gt;color&lt;/strong&gt; and &lt;strong&gt;font themes&lt;/strong&gt;&lt;/a&gt;&lt;/li&gt;
&lt;li&gt;&lt;strong&gt;Display Code and Math&lt;/strong&gt; - Code highlighting and &lt;a href=&#34;https://en.wikibooks.org/wiki/LaTeX/Mathematics&#34; target=&#34;_blank&#34; rel=&#34;noopener&#34;&gt;LaTeX math&lt;/a&gt; supported&lt;/li&gt;
&lt;li&gt;&lt;strong&gt;Integrations&lt;/strong&gt; - &lt;a href=&#34;https://analytics.google.com&#34; target=&#34;_blank&#34; rel=&#34;noopener&#34;&gt;Google Analytics&lt;/a&gt;, &lt;a href=&#34;https://disqus.com&#34; target=&#34;_blank&#34; rel=&#34;noopener&#34;&gt;Disqus commenting&lt;/a&gt;, Maps, Contact Forms, and more!&lt;/li&gt;
&lt;li&gt;&lt;strong&gt;Beautiful Site&lt;/strong&gt; - Simple and refreshing one page design&lt;/li&gt;
&lt;li&gt;&lt;strong&gt;Industry-Leading SEO&lt;/strong&gt; - Help get your website found on search engines and social media&lt;/li&gt;
&lt;li&gt;&lt;strong&gt;Media Galleries&lt;/strong&gt; - Display your images and videos with captions in a customizable gallery&lt;/li&gt;
&lt;li&gt;&lt;strong&gt;Mobile Friendly&lt;/strong&gt; - Look amazing on every screen with a mobile friendly version of your site&lt;/li&gt;
&lt;li&gt;&lt;strong&gt;Multi-language&lt;/strong&gt; - 34+ language packs including English, 中文, and Português&lt;/li&gt;
&lt;li&gt;&lt;strong&gt;Multi-user&lt;/strong&gt; - Each author gets their own profile page&lt;/li&gt;
&lt;li&gt;&lt;strong&gt;Privacy Pack&lt;/strong&gt; - Assists with GDPR&lt;/li&gt;
&lt;li&gt;&lt;strong&gt;Stand Out&lt;/strong&gt; - Bring your site to life with animation, parallax backgrounds, and scroll effects&lt;/li&gt;
&lt;li&gt;&lt;strong&gt;One-Click Deployment&lt;/strong&gt; - No servers. No databases. Only files.&lt;/li&gt;
&lt;/ul&gt;
&lt;h2 id=&#34;themes&#34;&gt;Themes&lt;/h2&gt;
&lt;p&gt;Wowchemy and its templates come with &lt;strong&gt;automatic day (light) and night (dark) mode&lt;/strong&gt; built-in. Alternatively, visitors can choose their preferred mode - click the moon icon in the top right of the &lt;a href=&#34;https://academic-demo.netlify.com/&#34; target=&#34;_blank&#34; rel=&#34;noopener&#34;&gt;Demo&lt;/a&gt; to see it in action! Day/night mode can also be disabled by the site admin in &lt;code&gt;params.toml&lt;/code&gt;.&lt;/p&gt;
&lt;p&gt;&lt;a href=&#34;https://docs.hugoblox.com/customization&#34; target=&#34;_blank&#34; rel=&#34;noopener&#34;&gt;Choose a stunning &lt;strong&gt;theme&lt;/strong&gt; and &lt;strong&gt;font&lt;/strong&gt;&lt;/a&gt; for your site. Themes are fully customizable.&lt;/p&gt;
&lt;h2 id=&#34;license&#34;&gt;License&lt;/h2&gt;
&lt;p&gt;Copyright 2016-present &lt;a href=&#34;https://georgecushen.com&#34; target=&#34;_blank&#34; rel=&#34;noopener&#34;&gt;George Cushen&lt;/a&gt;.&lt;/p&gt;
&lt;p&gt;Released under the &lt;a href=&#34;https://github.com/HugoBlox/hugo-blox-builder/blob/master/LICENSE.md&#34; target=&#34;_blank&#34; rel=&#34;noopener&#34;&gt;MIT&lt;/a&gt; license.&lt;/p&gt;
</description>
    </item>
    
    <item>
      <title>Writing technical content in Markdown</title>
      <link>https://example.com/post/writing-technical-content/</link>
      <pubDate>Fri, 12 Jul 2019 00:00:00 +0000</pubDate>
      <guid>https://example.com/post/writing-technical-content/</guid>
      <description>&lt;p&gt;Hugo Blox Builder is designed to give technical content creators a seamless experience. You can focus on the content and Wowchemy handles the rest.&lt;/p&gt;
&lt;p&gt;&lt;strong&gt;Highlight your code snippets, take notes on math classes, and draw diagrams from textual representation.&lt;/strong&gt;&lt;/p&gt;
&lt;p&gt;On this page, you&amp;rsquo;ll find some examples of the types of technical content that can be rendered with Wowchemy.&lt;/p&gt;
&lt;h2 id=&#34;examples&#34;&gt;Examples&lt;/h2&gt;
&lt;h3 id=&#34;code&#34;&gt;Code&lt;/h3&gt;
&lt;p&gt;Wowchemy supports a Markdown extension for highlighting code syntax. You can customize the styles under the &lt;code&gt;syntax_highlighter&lt;/code&gt; option in your &lt;code&gt;config/_default/params.yaml&lt;/code&gt; file.&lt;/p&gt;
&lt;pre&gt;&lt;code&gt;```python
import pandas as pd
data = pd.read_csv(&amp;quot;data.csv&amp;quot;)
data.head()
```
&lt;/code&gt;&lt;/pre&gt;
&lt;p&gt;renders as&lt;/p&gt;
&lt;div class=&#34;highlight&#34;&gt;&lt;pre tabindex=&#34;0&#34; class=&#34;chroma&#34;&gt;&lt;code class=&#34;language-python&#34; data-lang=&#34;python&#34;&gt;&lt;span class=&#34;line&#34;&gt;&lt;span class=&#34;cl&#34;&gt;&lt;span class=&#34;kn&#34;&gt;import&lt;/span&gt; &lt;span class=&#34;nn&#34;&gt;pandas&lt;/span&gt; &lt;span class=&#34;k&#34;&gt;as&lt;/span&gt; &lt;span class=&#34;nn&#34;&gt;pd&lt;/span&gt;
&lt;/span&gt;&lt;/span&gt;&lt;span class=&#34;line&#34;&gt;&lt;span class=&#34;cl&#34;&gt;&lt;span class=&#34;n&#34;&gt;data&lt;/span&gt; &lt;span class=&#34;o&#34;&gt;=&lt;/span&gt; &lt;span class=&#34;n&#34;&gt;pd&lt;/span&gt;&lt;span class=&#34;o&#34;&gt;.&lt;/span&gt;&lt;span class=&#34;n&#34;&gt;read_csv&lt;/span&gt;&lt;span class=&#34;p&#34;&gt;(&lt;/span&gt;&lt;span class=&#34;s2&#34;&gt;&amp;#34;data.csv&amp;#34;&lt;/span&gt;&lt;span class=&#34;p&#34;&gt;)&lt;/span&gt;
&lt;/span&gt;&lt;/span&gt;&lt;span class=&#34;line&#34;&gt;&lt;span class=&#34;cl&#34;&gt;&lt;span class=&#34;n&#34;&gt;data&lt;/span&gt;&lt;span class=&#34;o&#34;&gt;.&lt;/span&gt;&lt;span class=&#34;n&#34;&gt;head&lt;/span&gt;&lt;span class=&#34;p&#34;&gt;()&lt;/span&gt;
&lt;/span&gt;&lt;/span&gt;&lt;/code&gt;&lt;/pre&gt;&lt;/div&gt;&lt;h3 id=&#34;mindmaps&#34;&gt;Mindmaps&lt;/h3&gt;
&lt;p&gt;Wowchemy supports a Markdown extension for mindmaps.&lt;/p&gt;
&lt;p&gt;Simply insert a Markdown &lt;code&gt;markmap&lt;/code&gt; code block and optionally set the height of the mindmap as shown in the example below.&lt;/p&gt;
&lt;p&gt;A simple mindmap defined as a Markdown list:&lt;/p&gt;
&lt;div class=&#34;highlight&#34;&gt;
&lt;pre class=&#34;chroma&#34;&gt;
&lt;code&gt;
```markmap {height=&#34;200px&#34;}
- Hugo Modules
  - wowchemy
  - blox-plugins-netlify
  - blox-plugins-netlify-cms
  - blox-plugins-reveal
```
&lt;/code&gt;
&lt;/pre&gt;
&lt;/div&gt;
&lt;p&gt;renders as&lt;/p&gt;
&lt;div class=&#34;markmap&#34; style=&#34;height: 200px;&#34;&gt;

&lt;pre&gt;- Hugo Modules
  - wowchemy
  - blox-plugins-netlify
  - blox-plugins-netlify-cms
  - blox-plugins-reveal&lt;/pre&gt;
&lt;/div&gt;

&lt;p&gt;A more advanced mindmap with formatting, code blocks, and math:&lt;/p&gt;
&lt;div class=&#34;highlight&#34;&gt;
&lt;pre class=&#34;chroma&#34;&gt;
&lt;code&gt;
```markmap
- Mindmaps
  - Links
    - [Wowchemy Docs](https://docs.hugoblox.com/)
    - [Discord Community](https://discord.gg/z8wNYzb)
    - [GitHub](https://github.com/HugoBlox/hugo-blox-builder)
  - Features
    - Markdown formatting
    - **inline** ~~text~~ *styles*
    - multiline
      text
    - `inline code`
    -
      ```js
      console.log(&#39;hello&#39;);
      console.log(&#39;code block&#39;);
      ```
    - Math: $x = {-b \pm \sqrt{b^2-4ac} \over 2a}$
```
&lt;/code&gt;
&lt;/pre&gt;
&lt;/div&gt;
&lt;p&gt;renders as&lt;/p&gt;
&lt;div class=&#34;markmap&#34; style=&#34;height: 500px;&#34;&gt;

&lt;pre&gt;- Mindmaps
  - Links
    - [Wowchemy Docs](https://docs.hugoblox.com/)
    - [Discord Community](https://discord.gg/z8wNYzb)
    - [GitHub](https://github.com/HugoBlox/hugo-blox-builder)
  - Features
    - Markdown formatting
    - **inline** ~~text~~ *styles*
    - multiline
      text
    - `inline code`
    -
      ```js
      console.log(&#39;hello&#39;);
      console.log(&#39;code block&#39;);
      ```
    - Math: $x = {-b \pm \sqrt{b^2-4ac} \over 2a}$&lt;/pre&gt;
&lt;/div&gt;

&lt;h3 id=&#34;charts&#34;&gt;Charts&lt;/h3&gt;
&lt;p&gt;Wowchemy supports the popular &lt;a href=&#34;https://plot.ly/&#34; target=&#34;_blank&#34; rel=&#34;noopener&#34;&gt;Plotly&lt;/a&gt; format for interactive charts.&lt;/p&gt;
&lt;p&gt;Save your Plotly JSON in your page folder, for example &lt;code&gt;line-chart.json&lt;/code&gt;, and then add the &lt;code&gt;{{&amp;lt; chart data=&amp;quot;line-chart&amp;quot; &amp;gt;}}&lt;/code&gt; shortcode where you would like the chart to appear.&lt;/p&gt;
&lt;p&gt;Demo:&lt;/p&gt;




&lt;div id=&#34;chart-836597241&#34; class=&#34;chart&#34;&gt;&lt;/div&gt;
&lt;script&gt;
  (function() {
    let a = setInterval( function() {
      if ( typeof window.Plotly === &#39;undefined&#39; ) {
        return;
      }
      clearInterval( a );

      Plotly.d3.json(&#34;./line-chart.json&#34;, function(chart) {
        Plotly.plot(&#39;chart-836597241&#39;, chart.data, chart.layout, {responsive: true});
      });
    }, 500 );
  })();
&lt;/script&gt;

&lt;p&gt;You might also find the &lt;a href=&#34;http://plotly-json-editor.getforge.io/&#34; target=&#34;_blank&#34; rel=&#34;noopener&#34;&gt;Plotly JSON Editor&lt;/a&gt; useful.&lt;/p&gt;
&lt;h3 id=&#34;math&#34;&gt;Math&lt;/h3&gt;
&lt;p&gt;Wowchemy supports a Markdown extension for $\LaTeX$ math. You can enable this feature by toggling the &lt;code&gt;math&lt;/code&gt; option in your &lt;code&gt;config/_default/params.yaml&lt;/code&gt; file.&lt;/p&gt;
&lt;p&gt;To render &lt;em&gt;inline&lt;/em&gt; or &lt;em&gt;block&lt;/em&gt; math, wrap your LaTeX math with &lt;code&gt;{{&amp;lt; math &amp;gt;}}$...${{&amp;lt; /math &amp;gt;}}&lt;/code&gt; or &lt;code&gt;{{&amp;lt; math &amp;gt;}}$$...$${{&amp;lt; /math &amp;gt;}}&lt;/code&gt;, respectively. (We wrap the LaTeX math in the Wowchemy &lt;em&gt;math&lt;/em&gt; shortcode to prevent Hugo rendering our math as Markdown. The &lt;em&gt;math&lt;/em&gt; shortcode is new in v5.5-dev.)&lt;/p&gt;
&lt;p&gt;Example &lt;strong&gt;math block&lt;/strong&gt;:&lt;/p&gt;
&lt;div class=&#34;highlight&#34;&gt;&lt;pre tabindex=&#34;0&#34; class=&#34;chroma&#34;&gt;&lt;code class=&#34;language-latex&#34; data-lang=&#34;latex&#34;&gt;&lt;span class=&#34;line&#34;&gt;&lt;span class=&#34;cl&#34;&gt;&lt;span class=&#34;nb&#34;&gt;{{&lt;/span&gt;&amp;lt; math &amp;gt;&lt;span class=&#34;nb&#34;&gt;}}&lt;/span&gt;
&lt;/span&gt;&lt;/span&gt;&lt;span class=&#34;line&#34;&gt;&lt;span class=&#34;cl&#34;&gt;&lt;span class=&#34;sb&#34;&gt;$$&lt;/span&gt;&lt;span class=&#34;nb&#34;&gt;
&lt;/span&gt;&lt;/span&gt;&lt;/span&gt;&lt;span class=&#34;line&#34;&gt;&lt;span class=&#34;cl&#34;&gt;&lt;span class=&#34;nb&#34;&gt;&lt;/span&gt;&lt;span class=&#34;nv&#34;&gt;\gamma&lt;/span&gt;&lt;span class=&#34;nb&#34;&gt;_{n} &lt;/span&gt;&lt;span class=&#34;o&#34;&gt;=&lt;/span&gt;&lt;span class=&#34;nb&#34;&gt; &lt;/span&gt;&lt;span class=&#34;nv&#34;&gt;\frac&lt;/span&gt;&lt;span class=&#34;nb&#34;&gt;{ &lt;/span&gt;&lt;span class=&#34;nv&#34;&gt;\left&lt;/span&gt;&lt;span class=&#34;nb&#34;&gt; | &lt;/span&gt;&lt;span class=&#34;nv&#34;&gt;\left&lt;/span&gt;&lt;span class=&#34;nb&#34;&gt; &lt;/span&gt;&lt;span class=&#34;o&#34;&gt;(&lt;/span&gt;&lt;span class=&#34;nv&#34;&gt;\mathbf&lt;/span&gt;&lt;span class=&#34;nb&#34;&gt; x_{n} &lt;/span&gt;&lt;span class=&#34;o&#34;&gt;-&lt;/span&gt;&lt;span class=&#34;nb&#34;&gt; &lt;/span&gt;&lt;span class=&#34;nv&#34;&gt;\mathbf&lt;/span&gt;&lt;span class=&#34;nb&#34;&gt; x_{n&lt;/span&gt;&lt;span class=&#34;o&#34;&gt;-&lt;/span&gt;&lt;span class=&#34;m&#34;&gt;1&lt;/span&gt;&lt;span class=&#34;nb&#34;&gt;} &lt;/span&gt;&lt;span class=&#34;nv&#34;&gt;\right&lt;/span&gt;&lt;span class=&#34;nb&#34;&gt; &lt;/span&gt;&lt;span class=&#34;o&#34;&gt;)&lt;/span&gt;&lt;span class=&#34;nb&#34;&gt;^T &lt;/span&gt;&lt;span class=&#34;nv&#34;&gt;\left&lt;/span&gt;&lt;span class=&#34;nb&#34;&gt; &lt;/span&gt;&lt;span class=&#34;o&#34;&gt;[&lt;/span&gt;&lt;span class=&#34;nv&#34;&gt;\nabla&lt;/span&gt;&lt;span class=&#34;nb&#34;&gt; F &lt;/span&gt;&lt;span class=&#34;o&#34;&gt;(&lt;/span&gt;&lt;span class=&#34;nv&#34;&gt;\mathbf&lt;/span&gt;&lt;span class=&#34;nb&#34;&gt; x_{n}&lt;/span&gt;&lt;span class=&#34;o&#34;&gt;)&lt;/span&gt;&lt;span class=&#34;nb&#34;&gt; &lt;/span&gt;&lt;span class=&#34;o&#34;&gt;-&lt;/span&gt;&lt;span class=&#34;nb&#34;&gt; &lt;/span&gt;&lt;span class=&#34;nv&#34;&gt;\nabla&lt;/span&gt;&lt;span class=&#34;nb&#34;&gt; F &lt;/span&gt;&lt;span class=&#34;o&#34;&gt;(&lt;/span&gt;&lt;span class=&#34;nv&#34;&gt;\mathbf&lt;/span&gt;&lt;span class=&#34;nb&#34;&gt; x_{n&lt;/span&gt;&lt;span class=&#34;o&#34;&gt;-&lt;/span&gt;&lt;span class=&#34;m&#34;&gt;1&lt;/span&gt;&lt;span class=&#34;nb&#34;&gt;}&lt;/span&gt;&lt;span class=&#34;o&#34;&gt;)&lt;/span&gt;&lt;span class=&#34;nb&#34;&gt; &lt;/span&gt;&lt;span class=&#34;nv&#34;&gt;\right&lt;/span&gt;&lt;span class=&#34;nb&#34;&gt; &lt;/span&gt;&lt;span class=&#34;o&#34;&gt;]&lt;/span&gt;&lt;span class=&#34;nb&#34;&gt; &lt;/span&gt;&lt;span class=&#34;nv&#34;&gt;\right&lt;/span&gt;&lt;span class=&#34;nb&#34;&gt; |}{&lt;/span&gt;&lt;span class=&#34;nv&#34;&gt;\left&lt;/span&gt;&lt;span class=&#34;nb&#34;&gt; &lt;/span&gt;&lt;span class=&#34;nv&#34;&gt;\|\nabla&lt;/span&gt;&lt;span class=&#34;nb&#34;&gt; F&lt;/span&gt;&lt;span class=&#34;o&#34;&gt;(&lt;/span&gt;&lt;span class=&#34;nv&#34;&gt;\mathbf&lt;/span&gt;&lt;span class=&#34;nb&#34;&gt;{x}_{n}&lt;/span&gt;&lt;span class=&#34;o&#34;&gt;)&lt;/span&gt;&lt;span class=&#34;nb&#34;&gt; &lt;/span&gt;&lt;span class=&#34;o&#34;&gt;-&lt;/span&gt;&lt;span class=&#34;nb&#34;&gt; &lt;/span&gt;&lt;span class=&#34;nv&#34;&gt;\nabla&lt;/span&gt;&lt;span class=&#34;nb&#34;&gt; F&lt;/span&gt;&lt;span class=&#34;o&#34;&gt;(&lt;/span&gt;&lt;span class=&#34;nv&#34;&gt;\mathbf&lt;/span&gt;&lt;span class=&#34;nb&#34;&gt;{x}_{n&lt;/span&gt;&lt;span class=&#34;o&#34;&gt;-&lt;/span&gt;&lt;span class=&#34;m&#34;&gt;1&lt;/span&gt;&lt;span class=&#34;nb&#34;&gt;}&lt;/span&gt;&lt;span class=&#34;o&#34;&gt;)&lt;/span&gt;&lt;span class=&#34;nb&#34;&gt; &lt;/span&gt;&lt;span class=&#34;nv&#34;&gt;\right&lt;/span&gt;&lt;span class=&#34;nb&#34;&gt; &lt;/span&gt;&lt;span class=&#34;nv&#34;&gt;\|&lt;/span&gt;&lt;span class=&#34;nb&#34;&gt;^&lt;/span&gt;&lt;span class=&#34;m&#34;&gt;2&lt;/span&gt;&lt;span class=&#34;nb&#34;&gt;}
&lt;/span&gt;&lt;/span&gt;&lt;/span&gt;&lt;span class=&#34;line&#34;&gt;&lt;span class=&#34;cl&#34;&gt;&lt;span class=&#34;nb&#34;&gt;&lt;/span&gt;&lt;span class=&#34;s&#34;&gt;$$&lt;/span&gt;
&lt;/span&gt;&lt;/span&gt;&lt;span class=&#34;line&#34;&gt;&lt;span class=&#34;cl&#34;&gt;&lt;span class=&#34;nb&#34;&gt;{{&lt;/span&gt;&amp;lt; /math &amp;gt;&lt;span class=&#34;nb&#34;&gt;}}&lt;/span&gt;
&lt;/span&gt;&lt;/span&gt;&lt;/code&gt;&lt;/pre&gt;&lt;/div&gt;&lt;p&gt;renders as&lt;/p&gt;



$$\gamma_{n} = \frac{ \left | \left (\mathbf x_{n} - \mathbf x_{n-1} \right )^T \left [\nabla F (\mathbf x_{n}) - \nabla F (\mathbf x_{n-1}) \right ] \right |}{\left \|\nabla F(\mathbf{x}_{n}) - \nabla F(\mathbf{x}_{n-1}) \right \|^2}$$

&lt;p&gt;Example &lt;strong&gt;inline math&lt;/strong&gt; &lt;code&gt;{{&amp;lt; math &amp;gt;}}$\nabla F(\mathbf{x}_{n})${{&amp;lt; /math &amp;gt;}}&lt;/code&gt; renders as 

$\nabla F(\mathbf{x}_{n})$.&lt;/p&gt;
&lt;p&gt;Example &lt;strong&gt;multi-line math&lt;/strong&gt; using the math linebreak (&lt;code&gt;\\&lt;/code&gt;):&lt;/p&gt;
&lt;div class=&#34;highlight&#34;&gt;&lt;pre tabindex=&#34;0&#34; class=&#34;chroma&#34;&gt;&lt;code class=&#34;language-latex&#34; data-lang=&#34;latex&#34;&gt;&lt;span class=&#34;line&#34;&gt;&lt;span class=&#34;cl&#34;&gt;&lt;span class=&#34;nb&#34;&gt;{{&lt;/span&gt;&amp;lt; math &amp;gt;&lt;span class=&#34;nb&#34;&gt;}}&lt;/span&gt;
&lt;/span&gt;&lt;/span&gt;&lt;span class=&#34;line&#34;&gt;&lt;span class=&#34;cl&#34;&gt;&lt;span class=&#34;sb&#34;&gt;$$&lt;/span&gt;&lt;span class=&#34;nb&#34;&gt;f&lt;/span&gt;&lt;span class=&#34;o&#34;&gt;(&lt;/span&gt;&lt;span class=&#34;nb&#34;&gt;k;p_{&lt;/span&gt;&lt;span class=&#34;m&#34;&gt;0&lt;/span&gt;&lt;span class=&#34;nb&#34;&gt;}^{&lt;/span&gt;&lt;span class=&#34;o&#34;&gt;*&lt;/span&gt;&lt;span class=&#34;nb&#34;&gt;}&lt;/span&gt;&lt;span class=&#34;o&#34;&gt;)&lt;/span&gt;&lt;span class=&#34;nb&#34;&gt; &lt;/span&gt;&lt;span class=&#34;o&#34;&gt;=&lt;/span&gt;&lt;span class=&#34;nb&#34;&gt; &lt;/span&gt;&lt;span class=&#34;nv&#34;&gt;\begin&lt;/span&gt;&lt;span class=&#34;nb&#34;&gt;{cases}p_{&lt;/span&gt;&lt;span class=&#34;m&#34;&gt;0&lt;/span&gt;&lt;span class=&#34;nb&#34;&gt;}^{&lt;/span&gt;&lt;span class=&#34;o&#34;&gt;*&lt;/span&gt;&lt;span class=&#34;nb&#34;&gt;} &amp;amp; &lt;/span&gt;&lt;span class=&#34;nv&#34;&gt;\text&lt;/span&gt;&lt;span class=&#34;nb&#34;&gt;{if }k&lt;/span&gt;&lt;span class=&#34;o&#34;&gt;=&lt;/span&gt;&lt;span class=&#34;m&#34;&gt;1&lt;/span&gt;&lt;span class=&#34;nb&#34;&gt;, &lt;/span&gt;&lt;span class=&#34;nv&#34;&gt;\\&lt;/span&gt;&lt;span class=&#34;nb&#34;&gt;
&lt;/span&gt;&lt;/span&gt;&lt;/span&gt;&lt;span class=&#34;line&#34;&gt;&lt;span class=&#34;cl&#34;&gt;&lt;span class=&#34;nb&#34;&gt;&lt;/span&gt;&lt;span class=&#34;m&#34;&gt;1&lt;/span&gt;&lt;span class=&#34;o&#34;&gt;-&lt;/span&gt;&lt;span class=&#34;nb&#34;&gt;p_{&lt;/span&gt;&lt;span class=&#34;m&#34;&gt;0&lt;/span&gt;&lt;span class=&#34;nb&#34;&gt;}^{&lt;/span&gt;&lt;span class=&#34;o&#34;&gt;*&lt;/span&gt;&lt;span class=&#34;nb&#34;&gt;} &amp;amp; &lt;/span&gt;&lt;span class=&#34;nv&#34;&gt;\text&lt;/span&gt;&lt;span class=&#34;nb&#34;&gt;{if }k&lt;/span&gt;&lt;span class=&#34;o&#34;&gt;=&lt;/span&gt;&lt;span class=&#34;m&#34;&gt;0&lt;/span&gt;&lt;span class=&#34;nb&#34;&gt;.&lt;/span&gt;&lt;span class=&#34;nv&#34;&gt;\end&lt;/span&gt;&lt;span class=&#34;nb&#34;&gt;{cases}&lt;/span&gt;&lt;span class=&#34;s&#34;&gt;$$&lt;/span&gt;
&lt;/span&gt;&lt;/span&gt;&lt;span class=&#34;line&#34;&gt;&lt;span class=&#34;cl&#34;&gt;&lt;span class=&#34;nb&#34;&gt;{{&lt;/span&gt;&amp;lt; /math &amp;gt;&lt;span class=&#34;nb&#34;&gt;}}&lt;/span&gt;
&lt;/span&gt;&lt;/span&gt;&lt;/code&gt;&lt;/pre&gt;&lt;/div&gt;&lt;p&gt;renders as&lt;/p&gt;




$$
f(k;p_{0}^{*}) = \begin{cases}p_{0}^{*} &amp; \text{if }k=1, \\
1-p_{0}^{*} &amp; \text{if }k=0.\end{cases}
$$


&lt;h3 id=&#34;diagrams&#34;&gt;Diagrams&lt;/h3&gt;
&lt;p&gt;Wowchemy supports a Markdown extension for diagrams. You can enable this feature by toggling the &lt;code&gt;diagram&lt;/code&gt; option in your &lt;code&gt;config/_default/params.toml&lt;/code&gt; file or by adding &lt;code&gt;diagram: true&lt;/code&gt; to your page front matter.&lt;/p&gt;
&lt;p&gt;An example &lt;strong&gt;flowchart&lt;/strong&gt;:&lt;/p&gt;
&lt;pre&gt;&lt;code&gt;```mermaid
graph TD
A[Hard] --&amp;gt;|Text| B(Round)
B --&amp;gt; C{Decision}
C --&amp;gt;|One| D[Result 1]
C --&amp;gt;|Two| E[Result 2]
```
&lt;/code&gt;&lt;/pre&gt;
&lt;p&gt;renders as&lt;/p&gt;
&lt;div class=&#34;mermaid&#34;&gt;graph TD
A[Hard] --&gt;|Text| B(Round)
B --&gt; C{Decision}
C --&gt;|One| D[Result 1]
C --&gt;|Two| E[Result 2]
&lt;/div&gt;
&lt;p&gt;An example &lt;strong&gt;sequence diagram&lt;/strong&gt;:&lt;/p&gt;
&lt;pre&gt;&lt;code&gt;```mermaid
sequenceDiagram
Alice-&amp;gt;&amp;gt;John: Hello John, how are you?
loop Healthcheck
    John-&amp;gt;&amp;gt;John: Fight against hypochondria
end
Note right of John: Rational thoughts!
John--&amp;gt;&amp;gt;Alice: Great!
John-&amp;gt;&amp;gt;Bob: How about you?
Bob--&amp;gt;&amp;gt;John: Jolly good!
```
&lt;/code&gt;&lt;/pre&gt;
&lt;p&gt;renders as&lt;/p&gt;
&lt;div class=&#34;mermaid&#34;&gt;sequenceDiagram
Alice-&gt;&gt;John: Hello John, how are you?
loop Healthcheck
    John-&gt;&gt;John: Fight against hypochondria
end
Note right of John: Rational thoughts!
John--&gt;&gt;Alice: Great!
John-&gt;&gt;Bob: How about you?
Bob--&gt;&gt;John: Jolly good!
&lt;/div&gt;
&lt;p&gt;An example &lt;strong&gt;Gantt diagram&lt;/strong&gt;:&lt;/p&gt;
&lt;pre&gt;&lt;code&gt;```mermaid
gantt
section Section
Completed :done,    des1, 2014-01-06,2014-01-08
Active        :active,  des2, 2014-01-07, 3d
Parallel 1   :         des3, after des1, 1d
Parallel 2   :         des4, after des1, 1d
Parallel 3   :         des5, after des3, 1d
Parallel 4   :         des6, after des4, 1d
```
&lt;/code&gt;&lt;/pre&gt;
&lt;p&gt;renders as&lt;/p&gt;
&lt;div class=&#34;mermaid&#34;&gt;gantt
section Section
Completed :done,    des1, 2014-01-06,2014-01-08
Active        :active,  des2, 2014-01-07, 3d
Parallel 1   :         des3, after des1, 1d
Parallel 2   :         des4, after des1, 1d
Parallel 3   :         des5, after des3, 1d
Parallel 4   :         des6, after des4, 1d
&lt;/div&gt;
&lt;p&gt;An example &lt;strong&gt;class diagram&lt;/strong&gt;:&lt;/p&gt;
&lt;pre&gt;&lt;code&gt;```mermaid
classDiagram
Class01 &amp;lt;|-- AveryLongClass : Cool
Class03 *-- Class04
Class05 o-- Class06
Class07 .. Class08
Class09 --&amp;gt; C2 : Where am i?
Class09 --* C3
Class09 --|&amp;gt; Class07
Class07 : equals()
Class07 : Object[] elementData
Class01 : size()
Class01 : int chimp
Class01 : int gorilla
Class08 &amp;lt;--&amp;gt; C2: Cool label
```
&lt;/code&gt;&lt;/pre&gt;
&lt;p&gt;renders as&lt;/p&gt;
&lt;div class=&#34;mermaid&#34;&gt;classDiagram
Class01 &lt;|-- AveryLongClass : Cool
Class03 *-- Class04
Class05 o-- Class06
Class07 .. Class08
Class09 --&gt; C2 : Where am i?
Class09 --* C3
Class09 --|&gt; Class07
Class07 : equals()
Class07 : Object[] elementData
Class01 : size()
Class01 : int chimp
Class01 : int gorilla
Class08 &lt;--&gt; C2: Cool label
&lt;/div&gt;
&lt;p&gt;An example &lt;strong&gt;state diagram&lt;/strong&gt;:&lt;/p&gt;
&lt;pre&gt;&lt;code&gt;```mermaid
stateDiagram
[*] --&amp;gt; Still
Still --&amp;gt; [*]
Still --&amp;gt; Moving
Moving --&amp;gt; Still
Moving --&amp;gt; Crash
Crash --&amp;gt; [*]
```
&lt;/code&gt;&lt;/pre&gt;
&lt;p&gt;renders as&lt;/p&gt;
&lt;div class=&#34;mermaid&#34;&gt;stateDiagram
[*] --&gt; Still
Still --&gt; [*]
Still --&gt; Moving
Moving --&gt; Still
Moving --&gt; Crash
Crash --&gt; [*]
&lt;/div&gt;
&lt;h3 id=&#34;todo-lists&#34;&gt;Todo lists&lt;/h3&gt;
&lt;p&gt;You can even write your todo lists in Markdown too:&lt;/p&gt;
&lt;div class=&#34;highlight&#34;&gt;&lt;pre tabindex=&#34;0&#34; class=&#34;chroma&#34;&gt;&lt;code class=&#34;language-markdown&#34; data-lang=&#34;markdown&#34;&gt;&lt;span class=&#34;line&#34;&gt;&lt;span class=&#34;cl&#34;&gt;&lt;span class=&#34;k&#34;&gt;- [x]&lt;/span&gt; Write math example
&lt;/span&gt;&lt;/span&gt;&lt;span class=&#34;line&#34;&gt;&lt;span class=&#34;cl&#34;&gt;  &lt;span class=&#34;k&#34;&gt;- [x]&lt;/span&gt; Write diagram example
&lt;/span&gt;&lt;/span&gt;&lt;span class=&#34;line&#34;&gt;&lt;span class=&#34;cl&#34;&gt;&lt;span class=&#34;k&#34;&gt;- [ ]&lt;/span&gt; Do something else
&lt;/span&gt;&lt;/span&gt;&lt;/code&gt;&lt;/pre&gt;&lt;/div&gt;&lt;p&gt;renders as&lt;/p&gt;
&lt;ul&gt;
&lt;li&gt;&lt;input checked=&#34;&#34; disabled=&#34;&#34; type=&#34;checkbox&#34;&gt; Write math example
&lt;ul&gt;
&lt;li&gt;&lt;input checked=&#34;&#34; disabled=&#34;&#34; type=&#34;checkbox&#34;&gt; Write diagram example&lt;/li&gt;
&lt;/ul&gt;
&lt;/li&gt;
&lt;li&gt;&lt;input disabled=&#34;&#34; type=&#34;checkbox&#34;&gt; Do something else&lt;/li&gt;
&lt;/ul&gt;
&lt;h3 id=&#34;tables&#34;&gt;Tables&lt;/h3&gt;
&lt;p&gt;Save your spreadsheet as a CSV file in your page&amp;rsquo;s folder and then render it by adding the &lt;em&gt;Table&lt;/em&gt; shortcode to your page:&lt;/p&gt;
&lt;div class=&#34;highlight&#34;&gt;&lt;pre tabindex=&#34;0&#34; class=&#34;chroma&#34;&gt;&lt;code class=&#34;language-go&#34; data-lang=&#34;go&#34;&gt;&lt;span class=&#34;line&#34;&gt;&lt;span class=&#34;cl&#34;&gt;&lt;span class=&#34;p&#34;&gt;{{&amp;lt;&lt;/span&gt; &lt;span class=&#34;nx&#34;&gt;table&lt;/span&gt; &lt;span class=&#34;nx&#34;&gt;path&lt;/span&gt;&lt;span class=&#34;p&#34;&gt;=&lt;/span&gt;&lt;span class=&#34;s&#34;&gt;&amp;#34;results.csv&amp;#34;&lt;/span&gt; &lt;span class=&#34;nx&#34;&gt;header&lt;/span&gt;&lt;span class=&#34;p&#34;&gt;=&lt;/span&gt;&lt;span class=&#34;s&#34;&gt;&amp;#34;true&amp;#34;&lt;/span&gt; &lt;span class=&#34;nx&#34;&gt;caption&lt;/span&gt;&lt;span class=&#34;p&#34;&gt;=&lt;/span&gt;&lt;span class=&#34;s&#34;&gt;&amp;#34;Table 1: My results&amp;#34;&lt;/span&gt; &lt;span class=&#34;p&#34;&gt;&amp;gt;}}&lt;/span&gt;
&lt;/span&gt;&lt;/span&gt;&lt;/code&gt;&lt;/pre&gt;&lt;/div&gt;&lt;p&gt;renders as&lt;/p&gt;













  



&lt;table class=&#34;table&#34;&gt;
  
    
    
    &lt;tr&gt;  &lt;th&gt;customer_id&lt;/th&gt;  &lt;th&gt;score&lt;/th&gt;  &lt;/tr&gt;
  
  
    &lt;tr&gt;
      
        
          &lt;td data-table-dtype=&#34;number&#34;&gt;1&lt;/td&gt;
        
      
        
          &lt;td data-table-dtype=&#34;number&#34;&gt;0&lt;/td&gt;
        
      
    &lt;/tr&gt;
  
    &lt;tr&gt;
      
        
          &lt;td data-table-dtype=&#34;number&#34;&gt;2&lt;/td&gt;
        
      
        
          &lt;td data-table-dtype=&#34;text&#34;&gt;0.5&lt;/td&gt;
        
      
    &lt;/tr&gt;
  
    &lt;tr&gt;
      
        
          &lt;td data-table-dtype=&#34;number&#34;&gt;3&lt;/td&gt;
        
      
        
          &lt;td data-table-dtype=&#34;number&#34;&gt;1&lt;/td&gt;
        
      
    &lt;/tr&gt;
  
  
    &lt;caption&gt;Table 1: My results&lt;/caption&gt;
  
&lt;/table&gt;

&lt;h3 id=&#34;callouts&#34;&gt;Callouts&lt;/h3&gt;
&lt;p&gt;Academic supports a &lt;a href=&#34;https://docs.hugoblox.com/content/writing-markdown-latex/#callouts&#34; target=&#34;_blank&#34; rel=&#34;noopener&#34;&gt;shortcode for callouts&lt;/a&gt;, also referred to as &lt;em&gt;asides&lt;/em&gt;, &lt;em&gt;hints&lt;/em&gt;, or &lt;em&gt;alerts&lt;/em&gt;. By wrapping a paragraph in &lt;code&gt;{{% callout note %}} ... {{% /callout %}}&lt;/code&gt;, it will render as an aside.&lt;/p&gt;
&lt;div class=&#34;highlight&#34;&gt;&lt;pre tabindex=&#34;0&#34; class=&#34;chroma&#34;&gt;&lt;code class=&#34;language-markdown&#34; data-lang=&#34;markdown&#34;&gt;&lt;span class=&#34;line&#34;&gt;&lt;span class=&#34;cl&#34;&gt;{{% callout note %}}
&lt;/span&gt;&lt;/span&gt;&lt;span class=&#34;line&#34;&gt;&lt;span class=&#34;cl&#34;&gt;A Markdown aside is useful for displaying notices, hints, or definitions to your readers.
&lt;/span&gt;&lt;/span&gt;&lt;span class=&#34;line&#34;&gt;&lt;span class=&#34;cl&#34;&gt;{{% /callout %}}
&lt;/span&gt;&lt;/span&gt;&lt;/code&gt;&lt;/pre&gt;&lt;/div&gt;&lt;p&gt;renders as&lt;/p&gt;
&lt;div class=&#34;alert alert-note&#34;&gt;
  &lt;div&gt;
    A Markdown aside is useful for displaying notices, hints, or definitions to your readers.
  &lt;/div&gt;
&lt;/div&gt;
&lt;h3 id=&#34;spoilers&#34;&gt;Spoilers&lt;/h3&gt;
&lt;p&gt;Add a spoiler to a page to reveal text, such as an answer to a question, after a button is clicked.&lt;/p&gt;
&lt;div class=&#34;highlight&#34;&gt;&lt;pre tabindex=&#34;0&#34; class=&#34;chroma&#34;&gt;&lt;code class=&#34;language-markdown&#34; data-lang=&#34;markdown&#34;&gt;&lt;span class=&#34;line&#34;&gt;&lt;span class=&#34;cl&#34;&gt;{{&lt;span class=&#34;p&#34;&gt;&amp;lt;&lt;/span&gt; &lt;span class=&#34;nt&#34;&gt;spoiler&lt;/span&gt; &lt;span class=&#34;na&#34;&gt;text&lt;/span&gt;&lt;span class=&#34;o&#34;&gt;=&lt;/span&gt;&lt;span class=&#34;s&#34;&gt;&amp;#34;Click to view the spoiler&amp;#34;&lt;/span&gt; &lt;span class=&#34;p&#34;&gt;&amp;gt;&lt;/span&gt;}}
&lt;/span&gt;&lt;/span&gt;&lt;span class=&#34;line&#34;&gt;&lt;span class=&#34;cl&#34;&gt;You found me!
&lt;/span&gt;&lt;/span&gt;&lt;span class=&#34;line&#34;&gt;&lt;span class=&#34;cl&#34;&gt;{{&lt;span class=&#34;p&#34;&gt;&amp;lt;&lt;/span&gt; &lt;span class=&#34;p&#34;&gt;/&lt;/span&gt;&lt;span class=&#34;nt&#34;&gt;spoiler&lt;/span&gt; &lt;span class=&#34;p&#34;&gt;&amp;gt;&lt;/span&gt;}}
&lt;/span&gt;&lt;/span&gt;&lt;/code&gt;&lt;/pre&gt;&lt;/div&gt;&lt;p&gt;renders as&lt;/p&gt;
&lt;details class=&#34;spoiler &#34;  id=&#34;spoiler-6&#34;&gt;
  &lt;summary&gt;Click to view the spoiler&lt;/summary&gt;
  &lt;p&gt;You found me!&lt;/p&gt;
&lt;/details&gt;
&lt;h3 id=&#34;icons&#34;&gt;Icons&lt;/h3&gt;
&lt;p&gt;Academic enables you to use a wide range of &lt;a href=&#34;https://docs.hugoblox.com/getting-started/page-builder/#icons&#34; target=&#34;_blank&#34; rel=&#34;noopener&#34;&gt;icons from &lt;em&gt;Font Awesome&lt;/em&gt; and &lt;em&gt;Academicons&lt;/em&gt;&lt;/a&gt; in addition to &lt;a href=&#34;https://docs.hugoblox.com/content/writing-markdown-latex/#emojis&#34; target=&#34;_blank&#34; rel=&#34;noopener&#34;&gt;emojis&lt;/a&gt;.&lt;/p&gt;
&lt;p&gt;Here are some examples using the &lt;code&gt;icon&lt;/code&gt; shortcode to render icons:&lt;/p&gt;
&lt;div class=&#34;highlight&#34;&gt;&lt;pre tabindex=&#34;0&#34; class=&#34;chroma&#34;&gt;&lt;code class=&#34;language-markdown&#34; data-lang=&#34;markdown&#34;&gt;&lt;span class=&#34;line&#34;&gt;&lt;span class=&#34;cl&#34;&gt;{{&lt;span class=&#34;p&#34;&gt;&amp;lt;&lt;/span&gt; &lt;span class=&#34;nt&#34;&gt;icon&lt;/span&gt; &lt;span class=&#34;na&#34;&gt;name&lt;/span&gt;&lt;span class=&#34;o&#34;&gt;=&lt;/span&gt;&lt;span class=&#34;s&#34;&gt;&amp;#34;terminal&amp;#34;&lt;/span&gt; &lt;span class=&#34;na&#34;&gt;pack&lt;/span&gt;&lt;span class=&#34;o&#34;&gt;=&lt;/span&gt;&lt;span class=&#34;s&#34;&gt;&amp;#34;fas&amp;#34;&lt;/span&gt; &lt;span class=&#34;p&#34;&gt;&amp;gt;&lt;/span&gt;}} Terminal  
&lt;/span&gt;&lt;/span&gt;&lt;span class=&#34;line&#34;&gt;&lt;span class=&#34;cl&#34;&gt;{{&lt;span class=&#34;p&#34;&gt;&amp;lt;&lt;/span&gt; &lt;span class=&#34;nt&#34;&gt;icon&lt;/span&gt; &lt;span class=&#34;na&#34;&gt;name&lt;/span&gt;&lt;span class=&#34;o&#34;&gt;=&lt;/span&gt;&lt;span class=&#34;s&#34;&gt;&amp;#34;python&amp;#34;&lt;/span&gt; &lt;span class=&#34;na&#34;&gt;pack&lt;/span&gt;&lt;span class=&#34;o&#34;&gt;=&lt;/span&gt;&lt;span class=&#34;s&#34;&gt;&amp;#34;fab&amp;#34;&lt;/span&gt; &lt;span class=&#34;p&#34;&gt;&amp;gt;&lt;/span&gt;}} Python  
&lt;/span&gt;&lt;/span&gt;&lt;span class=&#34;line&#34;&gt;&lt;span class=&#34;cl&#34;&gt;{{&lt;span class=&#34;p&#34;&gt;&amp;lt;&lt;/span&gt; &lt;span class=&#34;nt&#34;&gt;icon&lt;/span&gt; &lt;span class=&#34;na&#34;&gt;name&lt;/span&gt;&lt;span class=&#34;o&#34;&gt;=&lt;/span&gt;&lt;span class=&#34;s&#34;&gt;&amp;#34;r-project&amp;#34;&lt;/span&gt; &lt;span class=&#34;na&#34;&gt;pack&lt;/span&gt;&lt;span class=&#34;o&#34;&gt;=&lt;/span&gt;&lt;span class=&#34;s&#34;&gt;&amp;#34;fab&amp;#34;&lt;/span&gt; &lt;span class=&#34;p&#34;&gt;&amp;gt;&lt;/span&gt;}} R
&lt;/span&gt;&lt;/span&gt;&lt;/code&gt;&lt;/pre&gt;&lt;/div&gt;&lt;p&gt;renders as&lt;/p&gt;
&lt;p&gt;
  &lt;i class=&#34;fas fa-terminal  pr-1 fa-fw&#34;&gt;&lt;/i&gt; Terminal&lt;br&gt;

  &lt;i class=&#34;fab fa-python  pr-1 fa-fw&#34;&gt;&lt;/i&gt; Python&lt;br&gt;

  &lt;i class=&#34;fab fa-r-project  pr-1 fa-fw&#34;&gt;&lt;/i&gt; R&lt;/p&gt;
&lt;h3 id=&#34;did-you-find-this-page-helpful-consider-sharing-it-&#34;&gt;Did you find this page helpful? Consider sharing it 🙌&lt;/h3&gt;
</description>
    </item>
    
    <item>
      <title>An example preprint / working paper</title>
      <link>https://example.com/publication/preprint/</link>
      <pubDate>Sun, 07 Apr 2019 00:00:00 +0000</pubDate>
      <guid>https://example.com/publication/preprint/</guid>
      <description>&lt;div class=&#34;alert alert-note&#34;&gt;
  &lt;div&gt;
    Create your slides in Markdown - click the &lt;em&gt;Slides&lt;/em&gt; button to check out the example.
  &lt;/div&gt;
&lt;/div&gt;
&lt;p&gt;Add the publication&amp;rsquo;s &lt;strong&gt;full text&lt;/strong&gt; or &lt;strong&gt;supplementary notes&lt;/strong&gt; here. You can use rich formatting such as including &lt;a href=&#34;https://docs.hugoblox.com/content/writing-markdown-latex/&#34; target=&#34;_blank&#34; rel=&#34;noopener&#34;&gt;code, math, and images&lt;/a&gt;.&lt;/p&gt;
</description>
    </item>
    
    <item>
      <title>Slides</title>
      <link>https://example.com/slides/example/</link>
      <pubDate>Tue, 05 Feb 2019 00:00:00 +0000</pubDate>
      <guid>https://example.com/slides/example/</guid>
      <description>&lt;h1 id=&#34;create-slides-in-markdown-with-hugo-blox-builder&#34;&gt;Create slides in Markdown with Hugo Blox Builder&lt;/h1&gt;
&lt;p&gt;&lt;a href=&#34;https://hugoblox.com/&#34; target=&#34;_blank&#34; rel=&#34;noopener&#34;&gt;Hugo Blox Builder&lt;/a&gt; | &lt;a href=&#34;https://docs.hugoblox.com/content/slides/&#34; target=&#34;_blank&#34; rel=&#34;noopener&#34;&gt;Documentation&lt;/a&gt;&lt;/p&gt;
&lt;hr&gt;
&lt;h2 id=&#34;features&#34;&gt;Features&lt;/h2&gt;
&lt;ul&gt;
&lt;li&gt;Efficiently write slides in Markdown&lt;/li&gt;
&lt;li&gt;3-in-1: Create, Present, and Publish your slides&lt;/li&gt;
&lt;li&gt;Supports speaker notes&lt;/li&gt;
&lt;li&gt;Mobile friendly slides&lt;/li&gt;
&lt;/ul&gt;
&lt;hr&gt;
&lt;h2 id=&#34;controls&#34;&gt;Controls&lt;/h2&gt;
&lt;ul&gt;
&lt;li&gt;Next: &lt;code&gt;Right Arrow&lt;/code&gt; or &lt;code&gt;Space&lt;/code&gt;&lt;/li&gt;
&lt;li&gt;Previous: &lt;code&gt;Left Arrow&lt;/code&gt;&lt;/li&gt;
&lt;li&gt;Start: &lt;code&gt;Home&lt;/code&gt;&lt;/li&gt;
&lt;li&gt;Finish: &lt;code&gt;End&lt;/code&gt;&lt;/li&gt;
&lt;li&gt;Overview: &lt;code&gt;Esc&lt;/code&gt;&lt;/li&gt;
&lt;li&gt;Speaker notes: &lt;code&gt;S&lt;/code&gt;&lt;/li&gt;
&lt;li&gt;Fullscreen: &lt;code&gt;F&lt;/code&gt;&lt;/li&gt;
&lt;li&gt;Zoom: &lt;code&gt;Alt + Click&lt;/code&gt;&lt;/li&gt;
&lt;li&gt;&lt;a href=&#34;https://revealjs.com/pdf-export/&#34; target=&#34;_blank&#34; rel=&#34;noopener&#34;&gt;PDF Export&lt;/a&gt;&lt;/li&gt;
&lt;/ul&gt;
&lt;hr&gt;
&lt;h2 id=&#34;code-highlighting&#34;&gt;Code Highlighting&lt;/h2&gt;
&lt;p&gt;Inline code: &lt;code&gt;variable&lt;/code&gt;&lt;/p&gt;
&lt;p&gt;Code block:&lt;/p&gt;
&lt;div class=&#34;highlight&#34;&gt;&lt;pre tabindex=&#34;0&#34; class=&#34;chroma&#34;&gt;&lt;code class=&#34;language-python&#34; data-lang=&#34;python&#34;&gt;&lt;span class=&#34;line&#34;&gt;&lt;span class=&#34;cl&#34;&gt;&lt;span class=&#34;n&#34;&gt;porridge&lt;/span&gt; &lt;span class=&#34;o&#34;&gt;=&lt;/span&gt; &lt;span class=&#34;s2&#34;&gt;&amp;#34;blueberry&amp;#34;&lt;/span&gt;
&lt;/span&gt;&lt;/span&gt;&lt;span class=&#34;line&#34;&gt;&lt;span class=&#34;cl&#34;&gt;&lt;span class=&#34;k&#34;&gt;if&lt;/span&gt; &lt;span class=&#34;n&#34;&gt;porridge&lt;/span&gt; &lt;span class=&#34;o&#34;&gt;==&lt;/span&gt; &lt;span class=&#34;s2&#34;&gt;&amp;#34;blueberry&amp;#34;&lt;/span&gt;&lt;span class=&#34;p&#34;&gt;:&lt;/span&gt;
&lt;/span&gt;&lt;/span&gt;&lt;span class=&#34;line&#34;&gt;&lt;span class=&#34;cl&#34;&gt;    &lt;span class=&#34;nb&#34;&gt;print&lt;/span&gt;&lt;span class=&#34;p&#34;&gt;(&lt;/span&gt;&lt;span class=&#34;s2&#34;&gt;&amp;#34;Eating...&amp;#34;&lt;/span&gt;&lt;span class=&#34;p&#34;&gt;)&lt;/span&gt;
&lt;/span&gt;&lt;/span&gt;&lt;/code&gt;&lt;/pre&gt;&lt;/div&gt;&lt;hr&gt;
&lt;h2 id=&#34;math&#34;&gt;Math&lt;/h2&gt;
&lt;p&gt;In-line math: $x + y = z$&lt;/p&gt;
&lt;p&gt;Block math:&lt;/p&gt;
&lt;p&gt;$$
f\left( x \right) = ;\frac{{2\left( {x + 4} \right)\left( {x - 4} \right)}}{{\left( {x + 4} \right)\left( {x + 1} \right)}}
$$&lt;/p&gt;
&lt;hr&gt;
&lt;h2 id=&#34;fragments&#34;&gt;Fragments&lt;/h2&gt;
&lt;p&gt;Make content appear incrementally&lt;/p&gt;
&lt;div class=&#34;highlight&#34;&gt;&lt;pre tabindex=&#34;0&#34; class=&#34;chroma&#34;&gt;&lt;code class=&#34;language-fallback&#34; data-lang=&#34;fallback&#34;&gt;&lt;span class=&#34;line&#34;&gt;&lt;span class=&#34;cl&#34;&gt;{{% fragment %}} One {{% /fragment %}}
&lt;/span&gt;&lt;/span&gt;&lt;span class=&#34;line&#34;&gt;&lt;span class=&#34;cl&#34;&gt;{{% fragment %}} **Two** {{% /fragment %}}
&lt;/span&gt;&lt;/span&gt;&lt;span class=&#34;line&#34;&gt;&lt;span class=&#34;cl&#34;&gt;{{% fragment %}} Three {{% /fragment %}}
&lt;/span&gt;&lt;/span&gt;&lt;/code&gt;&lt;/pre&gt;&lt;/div&gt;&lt;p&gt;Press &lt;code&gt;Space&lt;/code&gt; to play!&lt;/p&gt;
&lt;span class=&#34;fragment &#34; &gt;
  One
&lt;/span&gt;
&lt;span class=&#34;fragment &#34; &gt;
  &lt;strong&gt;Two&lt;/strong&gt;
&lt;/span&gt;
&lt;span class=&#34;fragment &#34; &gt;
  Three
&lt;/span&gt;
&lt;hr&gt;
&lt;p&gt;A fragment can accept two optional parameters:&lt;/p&gt;
&lt;ul&gt;
&lt;li&gt;&lt;code&gt;class&lt;/code&gt;: use a custom style (requires definition in custom CSS)&lt;/li&gt;
&lt;li&gt;&lt;code&gt;weight&lt;/code&gt;: sets the order in which a fragment appears&lt;/li&gt;
&lt;/ul&gt;
&lt;hr&gt;
&lt;h2 id=&#34;speaker-notes&#34;&gt;Speaker Notes&lt;/h2&gt;
&lt;p&gt;Add speaker notes to your presentation&lt;/p&gt;
&lt;div class=&#34;highlight&#34;&gt;&lt;pre tabindex=&#34;0&#34; class=&#34;chroma&#34;&gt;&lt;code class=&#34;language-markdown&#34; data-lang=&#34;markdown&#34;&gt;&lt;span class=&#34;line&#34;&gt;&lt;span class=&#34;cl&#34;&gt;{{% speaker_note %}}
&lt;/span&gt;&lt;/span&gt;&lt;span class=&#34;line&#34;&gt;&lt;span class=&#34;cl&#34;&gt;
&lt;/span&gt;&lt;/span&gt;&lt;span class=&#34;line&#34;&gt;&lt;span class=&#34;cl&#34;&gt;&lt;span class=&#34;k&#34;&gt;-&lt;/span&gt; Only the speaker can read these notes
&lt;/span&gt;&lt;/span&gt;&lt;span class=&#34;line&#34;&gt;&lt;span class=&#34;cl&#34;&gt;&lt;span class=&#34;k&#34;&gt;-&lt;/span&gt; Press &lt;span class=&#34;sb&#34;&gt;`S`&lt;/span&gt; key to view
&lt;/span&gt;&lt;/span&gt;&lt;span class=&#34;line&#34;&gt;&lt;span class=&#34;cl&#34;&gt;  {{% /speaker_note %}}
&lt;/span&gt;&lt;/span&gt;&lt;/code&gt;&lt;/pre&gt;&lt;/div&gt;&lt;p&gt;Press the &lt;code&gt;S&lt;/code&gt; key to view the speaker notes!&lt;/p&gt;
&lt;aside class=&#34;notes&#34;&gt;
  &lt;ul&gt;
&lt;li&gt;Only the speaker can read these notes&lt;/li&gt;
&lt;li&gt;Press &lt;code&gt;S&lt;/code&gt; key to view&lt;/li&gt;
&lt;/ul&gt;

&lt;/aside&gt;
&lt;hr&gt;
&lt;h2 id=&#34;themes&#34;&gt;Themes&lt;/h2&gt;
&lt;ul&gt;
&lt;li&gt;black: Black background, white text, blue links (default)&lt;/li&gt;
&lt;li&gt;white: White background, black text, blue links&lt;/li&gt;
&lt;li&gt;league: Gray background, white text, blue links&lt;/li&gt;
&lt;li&gt;beige: Beige background, dark text, brown links&lt;/li&gt;
&lt;li&gt;sky: Blue background, thin dark text, blue links&lt;/li&gt;
&lt;/ul&gt;
&lt;hr&gt;
&lt;ul&gt;
&lt;li&gt;night: Black background, thick white text, orange links&lt;/li&gt;
&lt;li&gt;serif: Cappuccino background, gray text, brown links&lt;/li&gt;
&lt;li&gt;simple: White background, black text, blue links&lt;/li&gt;
&lt;li&gt;solarized: Cream-colored background, dark green text, blue links&lt;/li&gt;
&lt;/ul&gt;
&lt;hr&gt;

&lt;section data-noprocess data-shortcode-slide
  
      
      data-background-image=&#34;/media/boards.jpg&#34;
  &gt;

&lt;h2 id=&#34;custom-slide&#34;&gt;Custom Slide&lt;/h2&gt;
&lt;p&gt;Customize the slide style and background&lt;/p&gt;
&lt;div class=&#34;highlight&#34;&gt;&lt;pre tabindex=&#34;0&#34; class=&#34;chroma&#34;&gt;&lt;code class=&#34;language-markdown&#34; data-lang=&#34;markdown&#34;&gt;&lt;span class=&#34;line&#34;&gt;&lt;span class=&#34;cl&#34;&gt;{{&lt;span class=&#34;p&#34;&gt;&amp;lt;&lt;/span&gt; &lt;span class=&#34;nt&#34;&gt;slide&lt;/span&gt; &lt;span class=&#34;na&#34;&gt;background-image&lt;/span&gt;&lt;span class=&#34;o&#34;&gt;=&lt;/span&gt;&lt;span class=&#34;s&#34;&gt;&amp;#34;/media/boards.jpg&amp;#34;&lt;/span&gt; &lt;span class=&#34;p&#34;&gt;&amp;gt;&lt;/span&gt;}}
&lt;/span&gt;&lt;/span&gt;&lt;span class=&#34;line&#34;&gt;&lt;span class=&#34;cl&#34;&gt;{{&lt;span class=&#34;p&#34;&gt;&amp;lt;&lt;/span&gt; &lt;span class=&#34;nt&#34;&gt;slide&lt;/span&gt; &lt;span class=&#34;na&#34;&gt;background-color&lt;/span&gt;&lt;span class=&#34;o&#34;&gt;=&lt;/span&gt;&lt;span class=&#34;s&#34;&gt;&amp;#34;#0000FF&amp;#34;&lt;/span&gt; &lt;span class=&#34;p&#34;&gt;&amp;gt;&lt;/span&gt;}}
&lt;/span&gt;&lt;/span&gt;&lt;span class=&#34;line&#34;&gt;&lt;span class=&#34;cl&#34;&gt;{{&lt;span class=&#34;p&#34;&gt;&amp;lt;&lt;/span&gt; &lt;span class=&#34;nt&#34;&gt;slide&lt;/span&gt; &lt;span class=&#34;na&#34;&gt;class&lt;/span&gt;&lt;span class=&#34;o&#34;&gt;=&lt;/span&gt;&lt;span class=&#34;s&#34;&gt;&amp;#34;my-style&amp;#34;&lt;/span&gt; &lt;span class=&#34;p&#34;&gt;&amp;gt;&lt;/span&gt;}}
&lt;/span&gt;&lt;/span&gt;&lt;/code&gt;&lt;/pre&gt;&lt;/div&gt;&lt;hr&gt;
&lt;h2 id=&#34;custom-css-example&#34;&gt;Custom CSS Example&lt;/h2&gt;
&lt;p&gt;Let&amp;rsquo;s make headers navy colored.&lt;/p&gt;
&lt;p&gt;Create &lt;code&gt;assets/css/reveal_custom.css&lt;/code&gt; with:&lt;/p&gt;
&lt;div class=&#34;highlight&#34;&gt;&lt;pre tabindex=&#34;0&#34; class=&#34;chroma&#34;&gt;&lt;code class=&#34;language-css&#34; data-lang=&#34;css&#34;&gt;&lt;span class=&#34;line&#34;&gt;&lt;span class=&#34;cl&#34;&gt;&lt;span class=&#34;p&#34;&gt;.&lt;/span&gt;&lt;span class=&#34;nc&#34;&gt;reveal&lt;/span&gt; &lt;span class=&#34;nt&#34;&gt;section&lt;/span&gt; &lt;span class=&#34;nt&#34;&gt;h1&lt;/span&gt;&lt;span class=&#34;o&#34;&gt;,&lt;/span&gt;
&lt;/span&gt;&lt;/span&gt;&lt;span class=&#34;line&#34;&gt;&lt;span class=&#34;cl&#34;&gt;&lt;span class=&#34;p&#34;&gt;.&lt;/span&gt;&lt;span class=&#34;nc&#34;&gt;reveal&lt;/span&gt; &lt;span class=&#34;nt&#34;&gt;section&lt;/span&gt; &lt;span class=&#34;nt&#34;&gt;h2&lt;/span&gt;&lt;span class=&#34;o&#34;&gt;,&lt;/span&gt;
&lt;/span&gt;&lt;/span&gt;&lt;span class=&#34;line&#34;&gt;&lt;span class=&#34;cl&#34;&gt;&lt;span class=&#34;p&#34;&gt;.&lt;/span&gt;&lt;span class=&#34;nc&#34;&gt;reveal&lt;/span&gt; &lt;span class=&#34;nt&#34;&gt;section&lt;/span&gt; &lt;span class=&#34;nt&#34;&gt;h3&lt;/span&gt; &lt;span class=&#34;p&#34;&gt;{&lt;/span&gt;
&lt;/span&gt;&lt;/span&gt;&lt;span class=&#34;line&#34;&gt;&lt;span class=&#34;cl&#34;&gt;  &lt;span class=&#34;k&#34;&gt;color&lt;/span&gt;&lt;span class=&#34;p&#34;&gt;:&lt;/span&gt; &lt;span class=&#34;kc&#34;&gt;navy&lt;/span&gt;&lt;span class=&#34;p&#34;&gt;;&lt;/span&gt;
&lt;/span&gt;&lt;/span&gt;&lt;span class=&#34;line&#34;&gt;&lt;span class=&#34;cl&#34;&gt;&lt;span class=&#34;p&#34;&gt;}&lt;/span&gt;
&lt;/span&gt;&lt;/span&gt;&lt;/code&gt;&lt;/pre&gt;&lt;/div&gt;&lt;hr&gt;
&lt;h1 id=&#34;questions&#34;&gt;Questions?&lt;/h1&gt;
&lt;p&gt;&lt;a href=&#34;https://discord.gg/z8wNYzb&#34; target=&#34;_blank&#34; rel=&#34;noopener&#34;&gt;Ask&lt;/a&gt;&lt;/p&gt;
&lt;p&gt;&lt;a href=&#34;https://docs.hugoblox.com/content/slides/&#34; target=&#34;_blank&#34; rel=&#34;noopener&#34;&gt;Documentation&lt;/a&gt;&lt;/p&gt;
</description>
    </item>
    
    <item>
      <title>Example Project</title>
      <link>https://example.com/project/example/</link>
      <pubDate>Wed, 27 Apr 2016 00:00:00 +0000</pubDate>
      <guid>https://example.com/project/example/</guid>
      <description>&lt;p&gt;Lorem ipsum dolor sit amet, consectetur adipiscing elit. Duis posuere tellus ac convallis placerat. Proin tincidunt magna sed ex sollicitudin condimentum. Sed ac faucibus dolor, scelerisque sollicitudin nisi. Cras purus urna, suscipit quis sapien eu, pulvinar tempor diam. Quisque risus orci, mollis id ante sit amet, gravida egestas nisl. Sed ac tempus magna. Proin in dui enim. Donec condimentum, sem id dapibus fringilla, tellus enim condimentum arcu, nec volutpat est felis vel metus. Vestibulum sit amet erat at nulla eleifend gravida.&lt;/p&gt;
&lt;p&gt;Nullam vel molestie justo. Curabitur vitae efficitur leo. In hac habitasse platea dictumst. Sed pulvinar mauris dui, eget varius purus congue ac. Nulla euismod, lorem vel elementum dapibus, nunc justo porta mi, sed tempus est est vel tellus. Nam et enim eleifend, laoreet sem sit amet, elementum sem. Morbi ut leo congue, maximus velit ut, finibus arcu. In et libero cursus, rutrum risus non, molestie leo. Nullam congue quam et volutpat malesuada. Sed risus tortor, pulvinar et dictum nec, sodales non mi. Phasellus lacinia commodo laoreet. Nam mollis, erat in feugiat consectetur, purus eros egestas tellus, in auctor urna odio at nibh. Mauris imperdiet nisi ac magna convallis, at rhoncus ligula cursus.&lt;/p&gt;
&lt;p&gt;Cras aliquam rhoncus ipsum, in hendrerit nunc mattis vitae. Duis vitae efficitur metus, ac tempus leo. Cras nec fringilla lacus. Quisque sit amet risus at ipsum pharetra commodo. Sed aliquam mauris at consequat eleifend. Praesent porta, augue sed viverra bibendum, neque ante euismod ante, in vehicula justo lorem ac eros. Suspendisse augue libero, venenatis eget tincidunt ut, malesuada at lorem. Donec vitae bibendum arcu. Aenean maximus nulla non pretium iaculis. Quisque imperdiet, nulla in pulvinar aliquet, velit quam ultrices quam, sit amet fringilla leo sem vel nunc. Mauris in lacinia lacus.&lt;/p&gt;
&lt;p&gt;Suspendisse a tincidunt lacus. Curabitur at urna sagittis, dictum ante sit amet, euismod magna. Sed rutrum massa id tortor commodo, vitae elementum turpis tempus. Lorem ipsum dolor sit amet, consectetur adipiscing elit. Aenean purus turpis, venenatis a ullamcorper nec, tincidunt et massa. Integer posuere quam rutrum arcu vehicula imperdiet. Mauris ullamcorper quam vitae purus congue, quis euismod magna eleifend. Vestibulum semper vel augue eget tincidunt. Fusce eget justo sodales, dapibus odio eu, ultrices lorem. Duis condimentum lorem id eros commodo, in facilisis mauris scelerisque. Morbi sed auctor leo. Nullam volutpat a lacus quis pharetra. Nulla congue rutrum magna a ornare.&lt;/p&gt;
&lt;p&gt;Aliquam in turpis accumsan, malesuada nibh ut, hendrerit justo. Cum sociis natoque penatibus et magnis dis parturient montes, nascetur ridiculus mus. Quisque sed erat nec justo posuere suscipit. Donec ut efficitur arcu, in malesuada neque. Nunc dignissim nisl massa, id vulputate nunc pretium nec. Quisque eget urna in risus suscipit ultricies. Pellentesque odio odio, tincidunt in eleifend sed, posuere a diam. Nam gravida nisl convallis semper elementum. Morbi vitae felis faucibus, vulputate orci placerat, aliquet nisi. Aliquam erat volutpat. Maecenas sagittis pulvinar purus, sed porta quam laoreet at.&lt;/p&gt;
</description>
    </item>
    
    <item>
      <title>External Project</title>
      <link>https://example.com/project/external-project/</link>
      <pubDate>Wed, 27 Apr 2016 00:00:00 +0000</pubDate>
      <guid>https://example.com/project/external-project/</guid>
      <description></description>
    </item>
    
    <item>
      <title>An example journal article</title>
      <link>https://example.com/publication/journal-article/</link>
      <pubDate>Tue, 01 Sep 2015 00:00:00 +0000</pubDate>
      <guid>https://example.com/publication/journal-article/</guid>
      <description>&lt;div class=&#34;alert alert-note&#34;&gt;
  &lt;div&gt;
    Click the &lt;em&gt;Cite&lt;/em&gt; button above to demo the feature to enable visitors to import publication metadata into their reference management software.
  &lt;/div&gt;
&lt;/div&gt;
&lt;div class=&#34;alert alert-note&#34;&gt;
  &lt;div&gt;
    Create your slides in Markdown - click the &lt;em&gt;Slides&lt;/em&gt; button to check out the example.
  &lt;/div&gt;
&lt;/div&gt;
&lt;p&gt;Add the publication&amp;rsquo;s &lt;strong&gt;full text&lt;/strong&gt; or &lt;strong&gt;supplementary notes&lt;/strong&gt; here. You can use rich formatting such as including &lt;a href=&#34;https://docs.hugoblox.com/content/writing-markdown-latex/&#34; target=&#34;_blank&#34; rel=&#34;noopener&#34;&gt;code, math, and images&lt;/a&gt;.&lt;/p&gt;
</description>
    </item>
    
    <item>
      <title>An example conference paper</title>
      <link>https://example.com/publication/conference-paper/</link>
      <pubDate>Mon, 01 Jul 2013 00:00:00 +0000</pubDate>
      <guid>https://example.com/publication/conference-paper/</guid>
      <description>&lt;div class=&#34;alert alert-note&#34;&gt;
  &lt;div&gt;
    Click the &lt;em&gt;Cite&lt;/em&gt; button above to demo the feature to enable visitors to import publication metadata into their reference management software.
  &lt;/div&gt;
&lt;/div&gt;
&lt;div class=&#34;alert alert-note&#34;&gt;
  &lt;div&gt;
    Create your slides in Markdown - click the &lt;em&gt;Slides&lt;/em&gt; button to check out the example.
  &lt;/div&gt;
&lt;/div&gt;
&lt;p&gt;Add the publication&amp;rsquo;s &lt;strong&gt;full text&lt;/strong&gt; or &lt;strong&gt;supplementary notes&lt;/strong&gt; here. You can use rich formatting such as including &lt;a href=&#34;https://docs.hugoblox.com/content/writing-markdown-latex/&#34; target=&#34;_blank&#34; rel=&#34;noopener&#34;&gt;code, math, and images&lt;/a&gt;.&lt;/p&gt;
</description>
    </item>
    
  </channel>
</rss>
